SERIES,SYMBOL,SECURITY,RECORD_DT,BC_STRT_DT,BC_END_DT,EX_DT,ND_STRT_DT,ND_END_DT,PURPOSE
BE,63MOONS,63 moons tech limited, ,03/12/2020,09/12/2020,01/12/2020, , ,AGM/DIV - RS 2 PER SH    
BE,SPMLINFRA,SPML Infra Limited, ,11/12/2020,17/12/2020,09/12/2020, , ,ANNUAL GENERAL MEETING   
BE,SATHAISPAT,Sathavahana Ispat Ltd, ,23/12/2020,29/12/2020,21/12/2020, , ,ANNUAL GENERAL MEETING   
BE,STCINDIA,The State Trading Corpn, ,10/12/2020,17/12/2020,08/12/2020, , ,ANNUAL GENERAL MEETING   
BE,KALYANI,Kalyani Commercials Ltd, ,27/11/2020,03/12/2020,25/11/2020, , ,EGM                      
BE,GARDENSILK,Garden Silk Mills Ltd., ,16/12/2020,21/12/2020,14/12/2020, , ,ANNUAL GENERAL MEETING   
BE,BFUTILITIE,BF Utilities Limited, ,30/12/2020,30/12/2020,28/12/2020, , ,ANNUAL GENERAL MEETING   
BE,BEDMUTHA,Bedmutha Indust Ltd, ,08/12/2020,14/12/2020,04/12/2020, , ,ANNUAL GENERAL MEETING   
BE,PANACEABIO,Panacea Biotec Ltd., ,17/12/2020,24/12/2020,15/12/2020, , ,ANNUAL GENERAL MEETING   
BE,DCMFINSERV,DCM Financial Ser Ltd, ,12/12/2020,18/12/2020,10/12/2020, , ,ANNUAL GENERAL MEETING   
BE,PARASPETRO,Paras Petrofils Limited, ,12/12/2020,17/12/2020,10/12/2020, , ,ANNUAL GENERAL MEETING   
BE,RKDL,Ravi Kumar Distilleries, ,16/12/2020,23/12/2020,14/12/2020, , ,ANNUAL GENERAL MEETING   
BE,BINANIIND,Binani Industries Limited, ,22/12/2020,29/12/2020,18/12/2020, , ,ANNUAL GENERAL MEETING   
BE,SANGHVIFOR,Sanghvi For & Eng Ltd, ,15/12/2020,24/12/2020,11/12/2020, , ,ANNUAL GENERAL MEETING   
BE,DBREALTY,D B Realty Limited, ,16/12/2020,22/12/2020,14/12/2020, , ,ANNUAL GENERAL MEETING   
BE,SHAHALLOYS,Shah Alloys Limited, ,11/12/2020,23/12/2020,09/12/2020, , ,ANNUAL GENERAL MEETING   
BE,HATSUN,Hatsun Agro Product Ltd.,10/12/2020, , ,09/12/2020, , ,BONUS 1:3                
BE,DIGISPICE,DiGiSPICE Technologies LT, ,09/12/2020,15/12/2020,07/12/2020, , ,ANNUAL GENERAL MEETING   
BE,SALSTEEL,S.A.L. Steel Ltd., ,11/12/2020,23/12/2020,09/12/2020, , ,ANNUAL GENERAL MEETING   
BE,RUBYMILLS,Ruby Mills Ltd., ,10/12/2020,17/12/2020,08/12/2020, , ,ANNUAL GENERAL MEETING   
BE,VLSFINANCE,VLS Finance Ltd., ,04/12/2020,10/12/2020,02/12/2020, , ,AGM/DIV-RS 1.50 PER SH   
BE,JUMPNET,Jump Networks Limited, ,03/12/2020,09/12/2020,01/12/2020, , ,ANNUAL GENERAL MEETING   
BE,ORISSAMINE,Orissa Min Dev Co Ltd, ,10/12/2020,16/12/2020,08/12/2020, , ,ANNUAL GENERAL MEETING   
BE,MAHASTEEL,Mahamaya Steel Inds Ltd, ,17/12/2020,23/12/2020,15/12/2020, , ,ANNUAL GENERAL MEETING   
BE,VISASTEEL,Visa Steel Limited, ,15/12/2020,22/12/2020,11/12/2020, , ,ANNUAL GENERAL MEETING   
BE,GOENKA,Goenka Diamond&Jewels Ltd, ,14/12/2020,17/12/2020,10/12/2020, , ,ANNUAL GENERAL MEETING   
BE,CUPID,Cupid Limited, ,21/12/2020,22/12/2020,17/12/2020, , ,ANNUAL GENERAL MEETING   
BE,JBFIND,JBF INDUSTRIES LTD, ,21/12/2020,28/12/2020,17/12/2020, , ,ANNUAL GENERAL MEETING   
BE,BLUECHIP,Blue Chip India Ltd, ,11/12/2020,17/12/2020,09/12/2020, , ,ANNUAL GENERAL MEETING   
BE,SAKUMA,Sakuma Exports Limited, ,03/12/2020,10/12/2020,01/12/2020, , ,AGM/DIV - RE 0.1 PER SH  
BE,SETCO,Setco Automotive Ltd, ,22/12/2020,28/12/2020,18/12/2020, , ,ANNUAL GENERAL MEETING   
BE,SMARTLINK,Smartlink Holdings Ltd, ,27/11/2020,04/12/2020,25/11/2020, , ,ANNUAL GENERAL MEETING   
BE,NFL,National Fertilizers Limi, ,11/12/2020,17/12/2020,09/12/2020, , ,ANNUAL GENERAL MEETING   
BE,PREMIER,Premier Limited, ,23/12/2020,30/12/2020,21/12/2020, , ,ANNUAL GENERAL MEETING   
BE,SKIL,SKIL Infrastr. Ltd., ,24/12/2020,30/12/2020,22/12/2020, , ,ANNUAL GENERAL MEETING   
BE,RELIGARE,Religare Enterprises Limi, ,11/12/2020,17/12/2020,09/12/2020, , ,ANNUAL GENERAL MEETING   
BE,RVNL,Rail Vikas Nigam Limited,09/12/2020, , ,08/12/2020, , ,DIV - RS 1.14 PER SH     
BE,RESPONIND,Responsive Industries Ltd, ,18/12/2020,24/12/2020,16/12/2020, , ,AGM/DIV - RS 0.07 PER SH 
BE,SIMBHALS,Simbhaoli Sugars Ltd., ,15/12/2020,21/12/2020,11/12/2020, , ,ANNUAL GENERAL MEETING   
BE,PVP,PVP Ventures Limited, ,07/12/2020,11/12/2020,03/12/2020, , ,ANNUAL GENERAL MEETING   
BE,ATNINTER,ATN International Limited, ,09/12/2020,15/12/2020,07/12/2020, , ,ANNUAL GENERAL MEETING   
BE,OAL,Oriental Aromatics Limite,04/12/2020, , ,03/12/2020, , ,INTDIV - RS 2.50 PER SH  
BE,WIPRO,WIPRO LTD,11/12/2020, , ,10/12/2020, , ,BUYBACK                  
BE,WINSOME,Winsome Yarns Limited, ,05/12/2020,11/12/2020,03/12/2020, , ,ANNUAL GENERAL MEETING   
BE,JAYNECOIND,Jayaswal Neco Industr Ltd, ,18/12/2020,24/12/2020,16/12/2020, , ,ANNUAL GENERAL MEETING   
BE,MADHUCON,Madhucon Projects Limited, ,27/11/2020,05/12/2020,25/11/2020, , ,ANNUAL GENERAL MEETING   
BE,BVCL,Barak Valley Cements Limi, ,24/12/2020,30/12/2020,22/12/2020, , ,ANNUAL GENERAL MEETING   
BE,REGENCERAM,Regency Ceramics Ltd., ,24/12/2020,30/12/2020,22/12/2020, , ,ANNUAL GENERAL MEETING   
BE,NAGAFERT,Nagarjun Fert and Che Ltd, ,23/12/2020,30/12/2020,21/12/2020, , ,ANNUAL GENERAL MEETING   
BE,DREDGECORP,DREDGING CORP OF INDIA, ,16/12/2020,22/12/2020,14/12/2020, , ,ANNUAL GENERAL MEETING   
BE,PNC,Pritish Nandy Comm. Ltd., ,11/12/2020,17/12/2020,09/12/2020, , ,ANNUAL GENERAL MEETING   
BE,BLUEBLENDS,Blue Blends (I) Ltd, ,26/12/2020,29/12/2020,23/12/2020, , ,ANNUAL GENERAL MEETING   
BE,JINDCOT,Jindal Cotex Ltd, ,25/12/2020,30/12/2020,23/12/2020, , ,ANNUAL GENERAL MEETING   
BE,KARMAENG,Karma Energy Limited,15/12/2020, , ,14/12/2020, , ,ANNUAL GENERAL MEETING   
BE,PROSEED,Proseed India Limited, ,13/12/2020,19/12/2020,10/12/2020, , ,ANNUAL GENERAL MEETING   
BE,RUSHIL,Rushil Decor Limited, ,12/12/2020,18/12/2020,10/12/2020, , ,AGM/DIV - RS 0.50 PER SH 
BE,ADVANIHOTR,Advani Hot.& Res.(I) Ltd, ,12/12/2020,22/12/2020,10/12/2020, , ,ANNUAL GENERAL MEETING   
BE,EXCEL,Excel Realty N Infra Ltd, ,11/12/2020,17/12/2020,09/12/2020, , ,ANNUAL GENERAL MEETING   
BE,KWALITY,Kwality Limited, ,18/12/2020,24/12/2020,16/12/2020, , ,ANNUAL GENERAL MEETING   
BE,HCC,Hindustan Construc Co., ,18/12/2020,24/12/2020,16/12/2020, , ,ANNUAL GENERAL MEETING   
BE,MTEDUCARE,MT Educare Ltd, ,18/12/2020,24/12/2020,16/12/2020, , ,ANNUAL GENERAL MEETING   
BE,ITI,ITI Limited (Depository), ,28/11/2020,04/12/2020,26/11/2020, , ,ANNUAL GENERAL MEETING   
BE,ORIENTABRA,Orient Abrasives Limited, ,27/11/2020,03/12/2020,25/11/2020, , ,ANNUAL GENERAL MEETING   
BE,MASFIN,MAS Financial Serv Ltd, ,03/12/2020,09/12/2020,01/12/2020, , ,ANNUAL GENERAL MEETING   
BE,MBECL,Mcnally Bharat Engineerin, ,16/12/2020,22/12/2020,14/12/2020, , ,ANNUAL GENERAL MEETING   
BE,TOTAL,Total Transport Sys Ltd, ,02/12/2020,08/12/2020,27/11/2020, , ,ANNUAL GENERAL MEETING   
BE,GIPCL,GUJARAT INDUSTRIES POWER, ,05/12/2020,15/12/2020,03/12/2020, , ,DIV - RS 2.90 PER SH     
BE,JAICORPLTD,Jai Corp Limited, ,22/12/2020,28/12/2020,18/12/2020, , ,DIV - RS 0.50 PER SH     
BE,GICHSGFIN,Gic Housing Finance Ltd, ,05/12/2020,18/12/2020,03/12/2020, , ,AGM/DIV - RS 2 PER SH    
BE,JBMA,JBM Auto Limited,04/12/2020, , ,03/12/2020, , ,AGM/DIV - RS 1.75 PER SH 
BE,WEIZMANIND,Weizmann Ltd, ,16/12/2020,22/12/2020,14/12/2020, , ,ANNUAL GENERAL MEETING   
BE,EROSMEDIA,Eros Intl Media Ltd, ,08/12/2020,15/12/2020,04/12/2020, , ,ANNUAL GENERAL MEETING   
BE,JIKIND,JIK Industries Limited, ,11/12/2020,18/12/2020,09/12/2020, , ,ANNUAL GENERAL MEETING   
BZ,SATHAISPAT,Sathavahana Ispat Ltd, ,23/12/2020,29/12/2020,21/12/2020, , ,ANNUAL GENERAL MEETING   
BZ,GARDENSILK,Garden Silk Mills Ltd., ,16/12/2020,21/12/2020,14/12/2020, , ,ANNUAL GENERAL MEETING   
BZ,PARASPETRO,Paras Petrofils Limited, ,12/12/2020,17/12/2020,10/12/2020, , ,ANNUAL GENERAL MEETING   
BZ,BINANIIND,Binani Industries Limited, ,22/12/2020,29/12/2020,18/12/2020, , ,ANNUAL GENERAL MEETING   
BZ,JINDCOT,Jindal Cotex Ltd, ,25/12/2020,30/12/2020,23/12/2020, , ,ANNUAL GENERAL MEETING   
BZ,PVP,PVP Ventures Limited, ,07/12/2020,11/12/2020,03/12/2020, , ,ANNUAL GENERAL MEETING   
BZ,WINSOME,Winsome Yarns Limited, ,05/12/2020,11/12/2020,03/12/2020, , ,ANNUAL GENERAL MEETING   
BZ,NAGAFERT,Nagarjun Fert and Che Ltd, ,23/12/2020,30/12/2020,21/12/2020, , ,ANNUAL GENERAL MEETING   
BZ,BLUEBLENDS,Blue Blends (I) Ltd, ,26/12/2020,29/12/2020,23/12/2020, , ,ANNUAL GENERAL MEETING   
BZ,GOENKA,Goenka Diamond&Jewels Ltd, ,14/12/2020,17/12/2020,10/12/2020, , ,ANNUAL GENERAL MEETING   
EQ,BFUTILITIE,BF Utilities Limited, ,30/12/2020,30/12/2020,28/12/2020, , ,ANNUAL GENERAL MEETING   
EQ,BEDMUTHA,Bedmutha Indust Ltd, ,08/12/2020,14/12/2020,04/12/2020, , ,ANNUAL GENERAL MEETING   
EQ,PANACEABIO,Panacea Biotec Ltd., ,17/12/2020,24/12/2020,15/12/2020, , ,ANNUAL GENERAL MEETING   
EQ,DCMFINSERV,DCM Financial Ser Ltd, ,12/12/2020,18/12/2020,10/12/2020, , ,ANNUAL GENERAL MEETING   
EQ,PARASPETRO,Paras Petrofils Limited, ,12/12/2020,17/12/2020,10/12/2020, , ,ANNUAL GENERAL MEETING   
EQ,RKDL,Ravi Kumar Distilleries, ,16/12/2020,23/12/2020,14/12/2020, , ,ANNUAL GENERAL MEETING   
EQ,BINANIIND,Binani Industries Limited, ,22/12/2020,29/12/2020,18/12/2020, , ,ANNUAL GENERAL MEETING   
EQ,SANGHVIFOR,Sanghvi For & Eng Ltd, ,15/12/2020,24/12/2020,11/12/2020, , ,ANNUAL GENERAL MEETING   
EQ,DBREALTY,D B Realty Limited, ,16/12/2020,22/12/2020,14/12/2020, , ,ANNUAL GENERAL MEETING   
EQ,SHAHALLOYS,Shah Alloys Limited, ,11/12/2020,23/12/2020,09/12/2020, , ,ANNUAL GENERAL MEETING   
EQ,HATSUN,Hatsun Agro Product Ltd.,10/12/2020, , ,09/12/2020, , ,BONUS 1:3                
EQ,DIGISPICE,DiGiSPICE Technologies LT, ,09/12/2020,15/12/2020,07/12/2020, , ,ANNUAL GENERAL MEETING   
EQ,SALSTEEL,S.A.L. Steel Limited, ,11/12/2020,23/12/2020,09/12/2020, , ,ANNUAL GENERAL MEETING   
EQ,RUBYMILLS,The Ruby Mills Ltd, ,10/12/2020,17/12/2020,08/12/2020, , ,ANNUAL GENERAL MEETING   
EQ,VLSFINANCE,VLS Finance Ltd., ,04/12/2020,10/12/2020,02/12/2020, , ,AGM/DIV-RS 1.50 PER SH   
EQ,JUMPNET,Jump Networks Limited, ,03/12/2020,09/12/2020,01/12/2020, , ,ANNUAL GENERAL MEETING   
EQ,ORISSAMINE,Orissa Min Dev Co Ltd, ,10/12/2020,16/12/2020,08/12/2020, , ,ANNUAL GENERAL MEETING   
EQ,MAHASTEEL,Mahamaya Steel Inds Ltd, ,17/12/2020,23/12/2020,15/12/2020, , ,ANNUAL GENERAL MEETING   
EQ,VISASTEEL,Visa Steel Limited, ,15/12/2020,22/12/2020,11/12/2020, , ,ANNUAL GENERAL MEETING   
EQ,GOENKA,Goenka Diamond&Jewels Ltd, ,14/12/2020,17/12/2020,10/12/2020, , ,ANNUAL GENERAL MEETING   
EQ,CUPID,Cupid Limited, ,21/12/2020,22/12/2020,17/12/2020, , ,ANNUAL GENERAL MEETING   
EQ,JBFIND,JBFIndustries Ltd, ,21/12/2020,28/12/2020,17/12/2020, , ,ANNUAL GENERAL MEETING   
EQ,NFL,National Fertilizers Limi, ,11/12/2020,17/12/2020,09/12/2020, , ,ANNUAL GENERAL MEETING   
EQ,BLUECHIP,Blue Chip India Ltd, ,11/12/2020,17/12/2020,09/12/2020, , ,ANNUAL GENERAL MEETING   
EQ,SAKUMA,Sakuma Exports Limited, ,03/12/2020,10/12/2020,01/12/2020, , ,AGM/DIV - RE 0.1 PER SH  
EQ,SETCO,Setco Automotive Ltd, ,22/12/2020,28/12/2020,18/12/2020, , ,ANNUAL GENERAL MEETING   
EQ,SMARTLINK,Smartlink Holdings Ltd, ,27/11/2020,04/12/2020,25/11/2020, , ,ANNUAL GENERAL MEETING   
EQ,RELIGARE,Religare Enterprises Limi, ,11/12/2020,17/12/2020,09/12/2020, , ,ANNUAL GENERAL MEETING   
EQ,PREMIER,Premier Limited, ,23/12/2020,30/12/2020,21/12/2020, , ,ANNUAL GENERAL MEETING   
EQ,SKIL,SKIL Infrastr. Ltd., ,24/12/2020,30/12/2020,22/12/2020, , ,ANNUAL GENERAL MEETING   
EQ,SIMBHALS,Simbhaoli Sugars Ltd., ,15/12/2020,21/12/2020,11/12/2020, , ,ANNUAL GENERAL MEETING   
EQ,RVNL,Rail Vikas Nigam Limited,09/12/2020, , ,08/12/2020, , ,DIV - RS 1.14 PER SH     
EQ,RESPONIND,Responsive Industries Ltd, ,18/12/2020,24/12/2020,16/12/2020, , ,AGM/DIV - RS 0.07 PER SH 
EQ,PVP,PVP Ventures Limited, ,07/12/2020,11/12/2020,03/12/2020, , ,ANNUAL GENERAL MEETING   
EQ,ATNINTER,ATN International Limited, ,09/12/2020,15/12/2020,07/12/2020, , ,ANNUAL GENERAL MEETING   
EQ,OAL,Oriental Aromatics Limite,04/12/2020, , ,03/12/2020, , ,INTDIV - RS 2.50 PER SH  
EQ,WIPRO,Wipro Ltd,11/12/2020, , ,10/12/2020, , ,BUYBACK                  
EQ,WINSOME,Winsome Yarns Limited, ,05/12/2020,11/12/2020,03/12/2020, , ,ANNUAL GENERAL MEETING   
EQ,JAYNECOIND,Jayaswal Neco Industr Ltd, ,18/12/2020,24/12/2020,16/12/2020, , ,ANNUAL GENERAL MEETING   
EQ,MADHUCON,Madhucon Projects Limited, ,27/11/2020,05/12/2020,25/11/2020, , ,ANNUAL GENERAL MEETING   
EQ,BVCL,Barak Valley Cements Limi, ,24/12/2020,30/12/2020,22/12/2020, , ,ANNUAL GENERAL MEETING   
EQ,REGENCERAM,Regency Ceramics Ltd., ,24/12/2020,30/12/2020,22/12/2020, , ,ANNUAL GENERAL MEETING   
EQ,NAGAFERT,Nagarjun Fert and Che Ltd, ,23/12/2020,30/12/2020,21/12/2020, , ,ANNUAL GENERAL MEETING   
EQ,DREDGECORP,Dredging Corporation of I, ,16/12/2020,22/12/2020,14/12/2020, , ,ANNUAL GENERAL MEETING   
EQ,PNC,Pritish Nandy Comm. Ltd., ,11/12/2020,17/12/2020,09/12/2020, , ,ANNUAL GENERAL MEETING   
EQ,BLUEBLENDS,Blue Blends (I) Ltd, ,26/12/2020,29/12/2020,23/12/2020, , ,ANNUAL GENERAL MEETING   
EQ,JINDCOT,Jindal Cotex Ltd, ,25/12/2020,30/12/2020,23/12/2020, , ,ANNUAL GENERAL MEETING   
EQ,KARMAENG,Karma Energy Limited,15/12/2020, , ,14/12/2020, , ,ANNUAL GENERAL MEETING   
EQ,PROSEED,Proseed India Limited, ,13/12/2020,19/12/2020,10/12/2020, , ,ANNUAL GENERAL MEETING   
EQ,RUSHIL,Rushil Decor Limited, ,12/12/2020,18/12/2020,10/12/2020, , ,AGM/DIV - RS 0.50 PER SH 
EQ,ADVANIHOTR,Advani Hotels & Resorts (, ,12/12/2020,22/12/2020,10/12/2020, , ,ANNUAL GENERAL MEETING   
EQ,EXCEL,Excel Realty N Infra Ltd, ,11/12/2020,17/12/2020,09/12/2020, , ,ANNUAL GENERAL MEETING   
EQ,KWALITY,Kwality Limited, ,18/12/2020,24/12/2020,16/12/2020, , ,ANNUAL GENERAL MEETING   
EQ,HCC,Hindustan Construc Co., ,18/12/2020,24/12/2020,16/12/2020, , ,ANNUAL GENERAL MEETING   
EQ,MTEDUCARE,MT Educare Ltd, ,18/12/2020,24/12/2020,16/12/2020, , ,ANNUAL GENERAL MEETING   
EQ,ITI,ITI Ltd., ,28/11/2020,04/12/2020,26/11/2020, , ,ANNUAL GENERAL MEETING   
EQ,ORIENTABRA,Orient Abrasives Limited, ,27/11/2020,03/12/2020,25/11/2020, , ,ANNUAL GENERAL MEETING   
EQ,MASFIN,MAS Financial Serv Ltd, ,03/12/2020,09/12/2020,01/12/2020, , ,ANNUAL GENERAL MEETING   
EQ,MBECL,Mcnally Bharat Engineerin, ,16/12/2020,22/12/2020,14/12/2020, , ,ANNUAL GENERAL MEETING   
EQ,TOTAL,Total Transport Sys Ltd, ,02/12/2020,08/12/2020,27/11/2020, , ,ANNUAL GENERAL MEETING   
EQ,JBMA,JBM Auto Limited,04/12/2020, , ,03/12/2020, , ,AGM/DIV - RS 1.75 PER SH 
EQ,GIPCL,Gujarat Ind Power Ltd, ,05/12/2020,15/12/2020,03/12/2020, , ,DIV - RS 2.90 PER SH     
EQ,JAICORPLTD,Jai Corp Limited, ,22/12/2020,28/12/2020,18/12/2020, , ,DIV - RS 0.50 PER SH     
EQ,GICHSGFIN,Gic Housing Finance Ltd, ,05/12/2020,18/12/2020,03/12/2020, , ,AGM/DIV - RS 2 PER SH    
EQ,WEIZMANIND,Weizmann Ltd, ,16/12/2020,22/12/2020,14/12/2020, , ,ANNUAL GENERAL MEETING   
EQ,EROSMEDIA,Eros Intl Media Ltd, ,08/12/2020,15/12/2020,04/12/2020, , ,ANNUAL GENERAL MEETING   
EQ,JIKIND,JIK Industries Limited, ,11/12/2020,18/12/2020,09/12/2020, , ,ANNUAL GENERAL MEETING   
EQ,63MOONS,63 moons tech limited, ,03/12/2020,09/12/2020,01/12/2020, , ,AGM/DIV - RS 2 PER SH    
EQ,SPMLINFRA,SPML Infra Limited, ,11/12/2020,17/12/2020,09/12/2020, , ,ANNUAL GENERAL MEETING   
EQ,SATHAISPAT,Sathavahana Ispat Ltd, ,23/12/2020,29/12/2020,21/12/2020, , ,ANNUAL GENERAL MEETING   
EQ,STCINDIA,The State Trading Corpn, ,10/12/2020,17/12/2020,08/12/2020, , ,ANNUAL GENERAL MEETING   
EQ,KALYANI,Kalyani Commercials Ltd, ,27/11/2020,03/12/2020,25/11/2020, , ,EGM                      
EQ,GARDENSILK,Garden Silk Mills Ltd., ,16/12/2020,21/12/2020,14/12/2020, , ,ANNUAL GENERAL MEETING   
GS,813GS2045,GOI LOAN 8.13% 2045,21/12/2020, , ,18/12/2020, , ,INTEREST PAYMENT         
GS,773GS2034,GOI LOAN 7.73% 2034,18/12/2020, , ,17/12/2020, , ,INTEREST PAYMENT         
GS,923GS2043,GOI LOAN 9.23% 2043,22/12/2020, , ,21/12/2020, , ,INTEREST PAYMENT         
GS,679GS2029,GOI LOAN 6.79% 2029,24/12/2020, , ,23/12/2020, , ,INTEREST PAYMENT         
GS,116GS2020,GOI LOAN 11.60% 2020,24/12/2020, , ,23/12/2020, , ,INTEREST PAYMENT/REDEMPTI
GS,83GS2042,GOI LOAN 8.30% 2042,29/12/2020, , ,28/12/2020, , ,INTEREST PAYMENT         
GS,613GS2028,GOI LOAN 6.13% 2028,03/12/2020, , ,02/12/2020, , ,INTEREST PAYMENT         
GS,897GS2030,GOI LOAN 8.97% 2030,04/12/2020, , ,03/12/2020, , ,INTEREST PAYMENT         
GS,657GS2033,GOI LOAN 6.57% 2033,04/12/2020, , ,03/12/2020, , ,INTEREST PAYMENT         
GS,833GS2036,GOI LOAN 8.33% 2036,05/12/2020, , ,03/12/2020, , ,INTEREST PAYMENT         
GS,812GS2020,GOI LOAN 8.12% 2020,09/12/2020, , , , , ,INTEREST PAYMENT/REDEMPTI
GS,815GS2022A,GOI LOAN 8.15% 2022,10/12/2020, , ,09/12/2020, , ,INTEREST PAYMENT         
GS,883GS2041,GOI LOAN 8.83% 2041,11/12/2020, , ,10/12/2020, , ,INTEREST PAYMENT         
GS,617GS2023,GOI LOAN 6.17% 2023,11/12/2020, , ,10/12/2020, , ,INTEREST PAYMENT         
GS,772GS2049,GOI LOAN 7.72% 2049,14/12/2020, , ,11/12/2020, , ,INTEREST PAYMENT         
GS,768GS2023,GOI LOAN 7.68% 2023,14/12/2020, , ,11/12/2020, , ,INTEREST PAYMENT         
GS,522GS2025,GOI LOAN 5.22% 2025,14/12/2020, , ,11/12/2020, , ,INTEREST PAYMENT         
GS,757GS2033,GOI LOAN 7.57% 2033,16/12/2020, , ,15/12/2020, , ,INTEREST PAYMENT         
GS,763GS2059,GOI LOAN 7.63% 2059,16/12/2020, , ,15/12/2020, , ,INTEREST PAYMENT         
GS,769GS2043,GOI LOAN 7.69% 2043,16/12/2020, , ,15/12/2020, , ,INTEREST PAYMENT         
GS,684GS2022,GOI LOAN 6.84% 2022,18/12/2020, , ,17/12/2020, , ,INTEREST PAYMENT         
GS,735GS2024,GOI LOAN 7.35% 2024,21/12/2020, , ,18/12/2020, , ,INTEREST PAYMENT         
M2,L&TFINANCE,L,08/12/2020, , ,01/12/2020,01/12/2020,07/12/2020,INTEREST PAYMENT         
M3,L&TFINANCE,L,08/12/2020, , ,01/12/2020,01/12/2020,07/12/2020,INTEREST PAYMENT         
M4,L&TFINANCE,L,08/12/2020, , ,01/12/2020,01/12/2020,07/12/2020,INTEREST PAYMENT         
M5,L&TFINANCE,L,08/12/2020, , ,01/12/2020,01/12/2020,07/12/2020,INTEREST PAYMENT         
M6,L&TFINANCE,L,08/12/2020, , ,01/12/2020,01/12/2020,07/12/2020,INTEREST PAYMENT         
M7,L&TFINANCE,L,08/12/2020, , ,01/12/2020,01/12/2020,07/12/2020,INTEREST PAYMENT         
M8,L&TFINANCE,L,08/12/2020, , ,07/12/2020, , ,INTEREST PAYMENT         
M9,L&TFINANCE,L,08/12/2020, , ,07/12/2020, , ,INTEREST PAYMENT         
MB,SRTRANSFIN,BOND 9.71% PA SRN S-V,16/12/2020, , ,15/12/2020, , ,INTEREST PAYMENT         
MF,UTIFEFDDP5,UTIAMC - UTIFEFDDP5,14/12/2020, , , , , ,DIV/REDEMPTION           
MF,UTIFEFGR5,UTIAMC - UTIFEFGR5,14/12/2020, , , , , ,REDEMPTION               
MF,UTIFEFRGR5,UTIAMC - UTIFEFRGR5,14/12/2020, , , , , ,REDEMPTION               
MF,UTIFEFRDP5,UTIAMC - UTIFEFRDP5,14/12/2020, , , , , ,DIV/REDEMPTION           
MF,UFDMIPIGII,UTIAMC - UFDMIPIGII,09/12/2020, , , , , ,STP                      
MF,UFDMIPIPII,UTIAMC - UFDMIPIPII,09/12/2020, , , , , ,DIV/STP                  
MF,UFDQIPIRVI,UTIAMC - UFDQIPIRVI,16/12/2020, , , , , ,DIV/STP                  
MF,UFDQIPIGVI,UTIAMC - UFDQIPIGVI,16/12/2020, , , , , ,STP                      
MF,UDQIPIGIII,UTIAMC - UDQIPIGIII,09/12/2020, , , , , ,STP                      
MF,UDQIPIRIII,UTIAMC - UDQIPIRIII,09/12/2020, , , , , ,DIV/STP                  
MF,UFIMIPRPII,UTI-FIIF - MIP - II - RDP,09/12/2020, , , , , ,DIV/STP                  
MF,UFIMIPRRII,UTI-FIIF - MIP - II - RDR,09/12/2020, , , , , ,DIV/STP                  
MF,UFIMIPRGII,UTI-FIIF - MIP - II - RG,09/12/2020, , , , , ,STP                      
MF,UIQIPRGIII,UTI-FIIF QIP - III - RG,09/12/2020, , , , , ,STP                      
MF,UIQIPRRIII,UTI-FIIF QIP - III - RDR,09/12/2020, , , , , ,DIV/STP                  
MF,UIQIPRPIII,UTI-FIIF QIP - III - RDP,09/12/2020, , , , , ,DIV/STP                  
MF,UIQIPIPIII,UTI-FIIF QIP - III - IDP,09/12/2020, , , , , ,DIV/STP                  
MF,UFIQIPRGVI,UTI-FIIF II-QIP- VI-RG,16/12/2020, , , , , ,STP                      
MF,UFIQIPRRVI,UTI-FIIF II-QIP- VI-RDR,16/12/2020, , , , , ,DIV/STP                  
MF,UFIQIPRPVI,UTI-FIIF II-QIP- VI-RDP,16/12/2020, , , , , ,DIV/STP                  
MF,UFDQIPIPVI,UTIAMC - UFDQIPIPVI,16/12/2020, , , , , ,DIV/STP                  
MO,SRTRANSFIN,Sec Red NCD 9.12% Sr. I,17/12/2020, , ,16/12/2020, , ,INTEREST PAYMENT         
MP,SRTRANSFIN,Sec Red NCD 9.30% Sr. II,17/12/2020, , ,16/12/2020, , ,INTEREST PAYMENT         
MV,SRTRANSFIN,Shriram Transport Finance,16/12/2020, , ,15/12/2020, , ,INTEREST PAYMENT         
MW,SRTRANSFIN,Shriram Transport Finance,16/12/2020, , ,15/12/2020, , ,INTEREST PAYMENT         
N7,IBUCCREDIT,SeReNCD8.66%SrIVCIII&IV,10/12/2020, , ,09/12/2020, , ,INTEREST PAYMENT         
NA,IBUCCREDIT,SeReNCD8.75%SrVICI&II,10/12/2020, , ,09/12/2020, , ,INTEREST PAYMENT         
NB,IBUCCREDIT,SeReNCD8.84%SrVICIII&IV,10/12/2020, , ,09/12/2020, , ,INTEREST PAYMENT         
NX,L&TFINANCE,Se Re NCD 8.25% Sr.I Opt1,08/12/2020, , ,07/12/2020, , ,INTEREST PAYMENT         
NY,L&TFINANCE,Se Re NCD 8.45% Sr.I Opt2,08/12/2020, , ,07/12/2020, , ,INTEREST PAYMENT         
SM,TIRUPATI,Shree Tirupati Balajee, ,09/12/2020,16/12/2020,07/12/2020, , ,ANNUAL GENERAL MEETING   
SM,SUPREMEENG,Supreme Engineering Ltd, ,18/12/2020,24/12/2020,16/12/2020, , ,ANNUAL GENERAL MEETING   
SM,AKG,AKG Exim Limited,08/12/2020, , ,07/12/2020, , ,BONUS 3:5                
SM,PANSARI,Pansari Developers Ltd., ,03/12/2020,10/12/2020,01/12/2020, , ,ANNUAL GENERAL MEETING   
SM,GOLDSTAR,Goldstar Power Limited, ,09/12/2020,14/12/2020,07/12/2020, , ,ANNUAL GENERAL MEETING   
SM,MARSHALL,Marshall Machines Ltd, ,22/12/2020,28/12/2020,18/12/2020, , ,ANNUAL GENERAL MEETING   
SM,SERVOTECH,Servotech Power Sys Ltd., ,12/12/2020,19/12/2020,10/12/2020, , ,ANNUAL GENERAL MEETING   
SM,SECURCRED,SecUR Credentials Limited, ,17/12/2020,23/12/2020,15/12/2020, , ,ANNUAL GENERAL MEETING   
SM,KSHITIJPOL,Kshitij Polyline Limited, ,28/11/2020,04/12/2020,26/11/2020, , ,ANNUAL GENERAL MEETING   
SM,TRANSWIND,Transwind Infra Limited, ,04/12/2020,10/12/2020,02/12/2020, , ,ANNUAL GENERAL MEETING   
SQ,KSHITIJPOL,Kshitij Polyline Limited, ,28/11/2020,04/12/2020,26/11/2020, , ,ANNUAL GENERAL MEETING   
SQ,SECURCRED,SecUR Credentials Limited, ,17/12/2020,23/12/2020,15/12/2020, , ,ANNUAL GENERAL MEETING   
SQ,SERVOTECH,Servotech Power Sys Ltd., ,12/12/2020,19/12/2020,10/12/2020, , ,ANNUAL GENERAL MEETING   
SQ,MARSHALL,Marshall Machines Ltd, ,22/12/2020,28/12/2020,18/12/2020, , ,ANNUAL GENERAL MEETING   
SQ,TIRUPATI,Shree Tirupati Balajee, ,09/12/2020,16/12/2020,07/12/2020, , ,ANNUAL GENERAL MEETING   
SQ,GOLDSTAR,Goldstar Power Limited, ,09/12/2020,14/12/2020,07/12/2020, , ,ANNUAL GENERAL MEETING   
SQ,PANSARI,Pansari Developers Ltd., ,03/12/2020,10/12/2020,01/12/2020, , ,ANNUAL GENERAL MEETING   
SQ,AKG,AKG Exim Limited,08/12/2020, , ,07/12/2020, , ,BONUS 3:5                
SQ,SUPREMEENG,Supreme Engineering Ltd, ,18/12/2020,24/12/2020,16/12/2020, , ,ANNUAL GENERAL MEETING   
SQ,TRANSWIND,Transwind Infra Limited, ,04/12/2020,10/12/2020,02/12/2020, , ,ANNUAL GENERAL MEETING   
ST,MARSHALL,Marshall Machines Ltd, ,22/12/2020,28/12/2020,18/12/2020, , ,ANNUAL GENERAL MEETING   
ST,TRANSWIND,Transwind Infra Limited, ,04/12/2020,10/12/2020,02/12/2020, , ,ANNUAL GENERAL MEETING   
ST,KSHITIJPOL,Kshitij Polyline Limited, ,28/11/2020,04/12/2020,26/11/2020, , ,ANNUAL GENERAL MEETING   
ST,SECURCRED,SecUR Credentials Limited, ,17/12/2020,23/12/2020,15/12/2020, , ,ANNUAL GENERAL MEETING   
ST,SERVOTECH,Servotech Power Sys Ltd., ,12/12/2020,19/12/2020,10/12/2020, , ,ANNUAL GENERAL MEETING   
ST,GOLDSTAR,Goldstar Power Limited, ,09/12/2020,14/12/2020,07/12/2020, , ,ANNUAL GENERAL MEETING   
ST,PANSARI,Pansari Developers Ltd., ,03/12/2020,10/12/2020,01/12/2020, , ,ANNUAL GENERAL MEETING   
ST,AKG,AKG Exim Limited,08/12/2020, , ,07/12/2020, , ,BONUS 3:5                
ST,SUPREMEENG,Supreme Engineering Ltd, ,18/12/2020,24/12/2020,16/12/2020, , ,ANNUAL GENERAL MEETING   
ST,TIRUPATI,Shree Tirupati Balajee, ,09/12/2020,16/12/2020,07/12/2020, , ,ANNUAL GENERAL MEETING   
U7,IBUCCREDIT,SeReNCD8.66%SrIVCIII&IV,10/12/2020, , ,09/12/2020, , ,INTEREST PAYMENT         
UA,IBUCCREDIT,SeReNCD8.75%SrVICI&II,10/12/2020, , ,09/12/2020, , ,INTEREST PAYMENT         
UB,IBUCCREDIT,SeReNCD8.84%SrVICIII&IV,10/12/2020, , ,09/12/2020, , ,INTEREST PAYMENT         
UX,L&TFINANCE,Se Re NCD 8.25% Sr.I Opt1,08/12/2020, , ,07/12/2020, , ,INTEREST PAYMENT         
UY,L&TFINANCE,Se Re NCD 8.45% Sr.I Opt2,08/12/2020, , ,07/12/2020, , ,INTEREST PAYMENT         
Y2,L&TFINANCE,L,08/12/2020, , ,07/12/2020, , ,INTEREST PAYMENT         
Y3,L&TFINANCE,L,08/12/2020, , ,07/12/2020, , ,INTEREST PAYMENT         
Y4,L&TFINANCE,L,08/12/2020, , ,07/12/2020, , ,INTEREST PAYMENT         
Y5,L&TFINANCE,L,08/12/2020, , ,07/12/2020, , ,INTEREST PAYMENT         
Y6,L&TFINANCE,L,08/12/2020, , ,07/12/2020, , ,INTEREST PAYMENT         
Y7,L&TFINANCE,L,08/12/2020, , ,07/12/2020, , ,INTEREST PAYMENT         
Y8,L&TFINANCE,L,08/12/2020, , ,07/12/2020, , ,INTEREST PAYMENT         
Y9,L&TFINANCE,L,08/12/2020, , ,07/12/2020, , ,INTEREST PAYMENT         
YB,SRTRANSFIN,BOND 9.71% PA SRN S-V,16/12/2020, , ,15/12/2020, , ,INTEREST PAYMENT         
YO,SRTRANSFIN,Sec Red NCD 9.12% Sr. I,17/12/2020, , ,16/12/2020, , ,INTEREST PAYMENT         
YP,SRTRANSFIN,Sec Red NCD 9.30% Sr. II,17/12/2020, , ,16/12/2020, , ,INTEREST PAYMENT         
YV,SRTRANSFIN,Shriram Transport Finance,16/12/2020, , ,15/12/2020, , ,INTEREST PAYMENT         
YW,SRTRANSFIN,Shriram Transport Finance,16/12/2020, , ,15/12/2020, , ,INTEREST PAYMENT         
Z3,SRTRANSFIN,Sec Red NCD 9.12% Sr.I,16/12/2020, , ,15/12/2020, , ,INTEREST PAYMENT         
Z4,SRTRANSFIN,Sec Red NCD 9.22% Sr.II,16/12/2020, , ,15/12/2020, , ,INTEREST PAYMENT         
Z5,SRTRANSFIN,Sec Red NCD 9.31% Sr.III,16/12/2020, , ,15/12/2020, , ,INTEREST PAYMENT         
ZD,SRTRANSFIN,Sec Red NCD 8.52% Sr.I,16/12/2020, , ,15/12/2020, , ,INTEREST PAYMENT         
ZE,SRTRANSFIN,Sec Red NCD 8.66% Sr.II,16/12/2020, , ,15/12/2020, , ,INTEREST PAYMENT         
ZF,SRTRANSFIN,Sec Red NCD 8.75% Sr.III,16/12/2020, , ,15/12/2020, , ,INTEREST PAYMENT         

